{"Gauss-Newton": {"H0": 70.44236224556698, "Omega": 0.7360307573679049, "nfev": 1}, "Levenberg-Marquardt": {"H0": 70.44835044127673, "Omega": 0.7360814174184201, "nfev": 1}}